{"loss": [0.08123457431793213, 0.061231423169374466, 0.026263877749443054, 0.01042543537914753, 0.007270087953656912, 0.006429594941437244, 0.0062501817010343075, 0.005627468228340149, 0.0054902974516153336, 0.005104207433760166, 0.004659058526158333, 0.004504107404500246, 0.004360683728009462, 0.00424504280090332, 0.004326056223362684, 0.004479563795030117, 0.0038127186708152294, 0.003978189546614885, 0.0037808839697390795, 0.0035805327352136374, 0.003866134909912944, 0.0037192690651863813, 0.003396865213289857, 0.003223059233278036, 0.0031702090054750443, 0.0030929516069591045, 0.0031259898096323013, 0.0030330470763146877, 0.002952473470941186, 0.003077987814322114, 0.0033359723165631294, 0.0030216919258236885, 0.0030150606762617826, 0.0027804195415228605, 0.002791385166347027, 0.002682851627469063, 0.002636181190609932, 0.0025719795376062393, 0.0026493726763874292, 0.002566406736150384, 0.0027224065270274878, 0.0026951911859214306, 0.002499752677977085, 0.0024237208999693394, 0.002458385191857815, 0.002414391376078129, 0.0023785452358424664, 0.0024402737617492676, 0.002330391202121973, 0.00244845706038177, 0.0023325374349951744, 0.002290853764861822, 0.0022580858785659075, 0.0023125133011490107, 0.0022784254979342222, 0.0021699911449104548, 0.002177994465455413, 0.002728428691625595, 0.0021834205836057663, 0.0021216690074652433, 0.0023413023445755243, 0.0020610715728253126, 0.002266586758196354, 0.002008352894335985], "val_loss": [0.06913743168115616, 0.04367072507739067, 0.014691319316625595, 0.008158370852470398, 0.006682276260107756, 0.006617242004722357, 0.00657243374735117, 0.008478495292365551, 0.0058906530030071735, 0.004726094659417868, 0.004566518124192953, 0.004333953373134136, 0.0046628001146018505, 0.004342122934758663, 0.004254654515534639, 0.004366931039839983, 0.004707908723503351, 0.003638491965830326, 0.003564839717000723, 0.004033793695271015, 0.004137827083468437, 0.003390905912965536, 0.003221832448616624, 0.0031776255927979946, 0.003084372030571103, 0.0030172253027558327, 0.0030885294545441866, 0.002922487910836935, 0.0031381065491586924, 0.004818196874111891, 0.0034642410464584827, 0.003241186263039708, 0.002767586149275303, 0.00344673590734601, 0.002630125265568495, 0.0027619306929409504, 0.002555490005761385, 0.002503983210772276, 0.002600320614874363, 0.002641121158376336, 0.002746090991422534, 0.0025137218181043863, 0.002394326962530613, 0.0025088456459343433, 0.00241344072856009, 0.002365271095186472, 0.0030165519565343857, 0.0022609587758779526, 0.004998203366994858, 0.0026299660094082355, 0.0021867488976567984, 0.002522287657484412, 0.002993578789755702, 0.003157660597935319, 0.0028547486290335655, 0.0027925341855734587, 0.005574647802859545, 0.0020920182578265667, 0.002086436841636896, 0.0022918686736375093, 0.002025505295023322, 0.0025830978993326426, 0.002120434073731303, 0.0023272123653441668]}